{"tissue_hires_scalef": 0.061462816, "tissue_lowres_scalef": 0.018438844, "fiducial_diameter_fullres": 382.36652203198025, "spot_diameter_fullres": 236.70308506741637}