PC,Proportion.Variance.Explained
1,0.01565280891164166
2,0.013718956558684502
3,0.006808146625824862
4,0.004176615274054507
5,0.0036020352968740375
6,0.0026602782064277172
7,0.002631019247026664
8,0.00259813349669445
9,0.0025640398849788733
10,0.0025280944536616766
