{"tissue_hires_scalef": 0.06320713, "tissue_lowres_scalef": 0.01896214, "fiducial_diameter_fullres": 382.3415347381615, "spot_diameter_fullres": 236.68761674267142}