PC,Proportion.Variance.Explained
1,0.030057239426405508
2,0.011521706781290246
3,0.007132053452860695
4,0.00551091441589628
5,0.0037562875869188313
6,0.0024020558577943856
7,0.002236844222333132
8,0.0018661757700094317
9,0.0017080858456873305
10,0.0016825978731400916
