{"tissue_hires_scalef": 0.06429421, "tissue_lowres_scalef": 0.019288262, "fiducial_diameter_fullres": 382.32187315770096, "spot_diameter_fullres": 236.6754452881006}