{"tissue_hires_scalef": 0.062156197, "tissue_lowres_scalef": 0.018646859, "fiducial_diameter_fullres": 382.38438215531653, "spot_diameter_fullres": 236.71414133424352}