{"tissue_hires_scalef": 0.06054918, "tissue_lowres_scalef": 0.018164754, "fiducial_diameter_fullres": 382.346335643776, "spot_diameter_fullres": 236.6905887318613}