{"tissue_hires_scalef": 0.057924002, "tissue_lowres_scalef": 0.017377201, "fiducial_diameter_fullres": 382.3793288867474, "spot_diameter_fullres": 236.7110131203674}