PC,Proportion.Variance.Explained
1,0.033321903769346684
2,0.015492662333745227
3,0.009254857098828702
4,0.0045462292660298515
5,0.003048021359679751
6,0.002665784657731783
7,0.002656605427047642
8,0.0026285378744992966
9,0.0025724823001002702
10,0.0025520720803249783
