{"tissue_hires_scalef": 0.06320713, "tissue_lowres_scalef": 0.01896214, "fiducial_diameter_fullres": 382.3111118127802, "spot_diameter_fullres": 236.66878350314965}