PC,Proportion.Variance.Explained
1,0.023138844653247927
2,0.017408591833088388
3,0.012665013060064654
4,0.006599098503419206
5,0.00462701565462178
6,0.004031996038204296
7,0.003969042286374844
8,0.0038443979459360927
9,0.0038130089138675295
10,0.0037572802360580455
