PC,Proportion.Variance.Explained
1,0.017463114029485402
2,0.008758588510125691
3,0.006207255718785653
4,0.0040434880793132075
5,0.003769907308907723
6,0.0036281170031213033
7,0.0035714268470714845
8,0.0035413624203666123
9,0.003534022196917655
10,0.0035052892336673133
